{"cameraMode":{"drawMode":0,"name":"Shaded","section":"Shading Mode"},"sceneLighting":true,"audioPlay":false,"sceneViewState":{"m_AlwaysRefresh":false,"showFog":true,"showSkybox":true,"showFlares":true,"showImageEffects":true,"showParticleSystems":true,"showVisualEffectGraphs":true,"m_FxEnabled":true},"in2DMode":false,"pivot":{"x":-1.7137012481689454,"y":1.3901546001434327,"z":6.269371509552002},"rotation":{"x":0.19853591918945313,"y":0.05091988667845726,"z":-0.010122025385499,"w":0.9788243174552918},"size":31.792097091674806,"orthographic":false}